H0,H1,H2,datetime,url,alias,date
Exclusive Clips,Restaurant owner facing backlash for calling business a safe harbor for cops,Show More,2020-06-21 00:55:42.255384,https://www.foxnews.com/,foxnews,
Sen. Cardin: Disappointed Bolton didnt testify at impeachment trial,,,2020-06-21 00:55:42.255384,https://www.foxnews.com/,foxnews,
Rep. Biggs: Berman has to go when president says so,,,2020-06-21 00:55:42.255384,https://www.foxnews.com/,foxnews,
Floyd family attorney on police reform debate,,,2020-06-21 00:55:42.255384,https://www.foxnews.com/,foxnews,
Police reform expected to be hot topic at rallyGOP A,,,2020-06-21 00:55:42.255384,https://www.foxnews.com/,foxnews,
Gs release video supporting law enforcement,,,2020-06-21 00:55:42.255384,https://www.foxnews.com/,foxnews,
Pam Bondi previews Trumps rally in Tulsa,,,2020-06-21 00:55:42.255384,https://www.foxnews.com/,foxnews,
New York gov brushes off criticism over nursing homes,,,2020-06-21 00:55:42.255384,https://www.foxnews.com/,foxnews,
'CHOP' SHOOTING,,,2020-06-21 00:55:42.255384,https://www.foxnews.com/,foxnews,
"One killed, one left critical in Seattle's 'no-cop' zone; police union chief laments lack of leadership",,,2020-06-21 00:55:42.255384,https://www.foxnews.com/,foxnews,
"Seattle man says he was detained, threatened inside CHOP while live-streaming protests: report",,,2020-06-21 00:55:42.255384,https://www.foxnews.com/,foxnews,
"Seattle business owner warns city facing 'mass exodus' as 'homeless, drugs and gangs' take over",,,2020-06-21 00:55:42.255384,https://www.foxnews.com/,foxnews,
"One killed, one left critical in Seattle's 'no-cop' zone; police union chief laments lack of leadership","Seattle man says he was detained, threatened inside CHOP while live-streaming protests: report",,2020-06-21 00:55:42.255384,https://www.foxnews.com/,foxnews,
TURNOUT IN TULSA,,,2020-06-21 00:55:42.255384,https://www.foxnews.com/,foxnews,
"Crowds descend on OK as Trump preps for first campaign rally in monthsOK senator on Trump's Tulsa rally: COVID-19 waiver a 'good idea,' not afraid of protesters",,,2020-06-21 00:55:42.255384,https://www.foxnews.com/,foxnews,
Six members of Trump advance team in Tulsa test positive for coronavirus,,,2020-06-21 00:55:42.255384,https://www.foxnews.com/,foxnews,
'SPECTACLE' OVER 'SERVICE'AG Barr says Trump fired SDNY federal prosecutor; president says 'not involved',,,2020-06-21 00:55:42.255384,https://www.foxnews.com/,foxnews,
Graham says he won't advance Trump nominee for SDNY prosecutor without thisUS attorney in New York disputes Barr claim that he's resigningGRUESOME DETAILS,,,2020-06-21 00:55:42.255384,https://www.foxnews.com/,foxnews,
"Fla. man confessed to murders of 2 missing protesters, court docs showISIS CAMPS OBLITERATEDSEE THE VIDEOS: Coalition forces destroy 3 ISIS hideouts in northern Iraq",,,2020-06-21 00:55:42.255384,https://www.foxnews.com/,foxnews,
Crowds descend on OK as Trump preps for first campaign rally in months,"OK senator on Trump's Tulsa rally: COVID-19 waiver a 'good idea,' not afraid of protesters",,2020-06-21 00:55:42.255384,https://www.foxnews.com/,foxnews,
AG Barr says Trump fired SDNY federal prosecutor; president says 'not involved',,,2020-06-21 00:55:42.255384,https://www.foxnews.com/,foxnews,
Graham says he won't advance Trump nominee for SDNY prosecutor without thisUS attorney in New York disputes Barr claim that he's resigning,,,2020-06-21 00:55:42.255384,https://www.foxnews.com/,foxnews,
"Fla. man confessed to murders of 2 missing protesters, court docs show",,,2020-06-21 00:55:42.255384,https://www.foxnews.com/,foxnews,
SEE THE VIDEOS: Coalition forces destroy 3 ISIS hideouts in northern Iraq,,,2020-06-21 00:55:42.255384,https://www.foxnews.com/,foxnews,
Politics,,,2020-06-21 00:55:42.255384,https://www.foxnews.com/,foxnews,
Trump expected to sign executive order expanding immigration restrictions,,,2020-06-21 00:55:42.255384,https://www.foxnews.com/,foxnews,
SportsNY-bred Tiz the Law wins barren Belmont Stakes,,,2020-06-21 00:55:42.255384,https://www.foxnews.com/,foxnews,
"WorldUK suspect arrested after stabbing attack, police sayU.S.Ulysses S. Grant statue toppled in San Francisco",,,2020-06-21 00:55:42.255384,https://www.foxnews.com/,foxnews,
World,,,2020-06-21 00:55:42.255384,https://www.foxnews.com/,foxnews,
China to create controversial Hong Kong security bureau,,,2020-06-21 00:55:42.255384,https://www.foxnews.com/,foxnews,
Entertainment,,,2020-06-21 00:55:42.255384,https://www.foxnews.com/,foxnews,
Comedian hospitalized after collapsing during performance in NashvilleFAR FROM OVERU.S.Four states report record highs in coronavirus casesU.S.Atlanta investigators identify suspect in Wendy's arson case,,,2020-06-21 00:55:42.255384,https://www.foxnews.com/,foxnews,
Sports,,,2020-06-21 00:55:42.255384,https://www.foxnews.com/,foxnews,
Patriots make deal with at-risk season ticket holders amid pandemic fears,,,2020-06-21 00:55:42.255384,https://www.foxnews.com/,foxnews,
Media,,,2020-06-21 00:55:42.255384,https://www.foxnews.com/,foxnews,
George Floyd's family attorney worries about removing Confederate monuments,,,2020-06-21 00:55:42.255384,https://www.foxnews.com/,foxnews,
"New Zealand government uses 'porn actors' in ad campaign on cyber safetySUPER DADU.S.Boy, 16, survives shark attack after quick-thinking father fights it off",,,2020-06-21 00:55:42.255384,https://www.foxnews.com/,foxnews,
"MANSLAUGHTER CHARGEU.S.Man killed after friend jokingly pointed rifle at him, accidentally shot him",,,2020-06-21 00:55:42.255384,https://www.foxnews.com/,foxnews,
Videocavuto live,,,2020-06-21 00:55:42.255384,https://www.foxnews.com/,foxnews,
Floyd family attorney weighs in on police reform debate on Capitol HillU.S.At least 17 people injured in multiple shootings overnight in NYC,,,2020-06-21 00:55:42.255384,https://www.foxnews.com/,foxnews,
Lakers owner reveals vile letter she received from racist fan,,,2020-06-21 00:55:42.255384,https://www.foxnews.com/,foxnews,
Personal FinanceIRS permits more Americans to tap retirement accounts without penalty,,,2020-06-21 00:55:42.255384,https://www.foxnews.com/,foxnews,
Cars + Trucks,,,2020-06-21 00:55:42.255384,https://www.foxnews.com/,foxnews,
Fox News Virtual Auto Show: YOUR Ford F-150 pickups,,,2020-06-21 00:55:42.255384,https://www.foxnews.com/,foxnews,
Multiple employees from this MLB team test positive for coronavirus in Florida,,,2020-06-21 00:55:42.255384,https://www.foxnews.com/,foxnews,
"Science13-foot, 660-pound giant squid washes up on beach in rare sighting",,,2020-06-21 00:55:42.255384,https://www.foxnews.com/,foxnews,
Pamela Anderson on posing nude for Playboy again,,,2020-06-21 00:55:42.255384,https://www.foxnews.com/,foxnews,
Politics,,,2020-06-21 00:55:42.255384,https://www.foxnews.com/,foxnews,
SportsNY-bred Tiz the Law wins barren Belmont Stakes,,,2020-06-21 00:55:42.255384,https://www.foxnews.com/,foxnews,
"WorldUK suspect arrested after stabbing attack, police say",,,2020-06-21 00:55:42.255384,https://www.foxnews.com/,foxnews,
U.S.Ulysses S. Grant statue toppled in San Francisco,,,2020-06-21 00:55:42.255384,https://www.foxnews.com/,foxnews,
World,,,2020-06-21 00:55:42.255384,https://www.foxnews.com/,foxnews,
Entertainment,,,2020-06-21 00:55:42.255384,https://www.foxnews.com/,foxnews,
Comedian hospitalized after collapsing during performance in Nashville,,,2020-06-21 00:55:42.255384,https://www.foxnews.com/,foxnews,
U.S.Four states report record highs in coronavirus cases,,,2020-06-21 00:55:42.255384,https://www.foxnews.com/,foxnews,
U.S.Atlanta investigators identify suspect in Wendy's arson case,,,2020-06-21 00:55:42.255384,https://www.foxnews.com/,foxnews,
Sports,,,2020-06-21 00:55:42.255384,https://www.foxnews.com/,foxnews,
Media,,,2020-06-21 00:55:42.255384,https://www.foxnews.com/,foxnews,
New Zealand government uses 'porn actors' in ad campaign on cyber safety,,,2020-06-21 00:55:42.255384,https://www.foxnews.com/,foxnews,
"U.S.Boy, 16, survives shark attack after quick-thinking father fights it off",,,2020-06-21 00:55:42.255384,https://www.foxnews.com/,foxnews,
"U.S.Man killed after friend jokingly pointed rifle at him, accidentally shot him",,,2020-06-21 00:55:42.255384,https://www.foxnews.com/,foxnews,
cavuto live,,,2020-06-21 00:55:42.255384,https://www.foxnews.com/,foxnews,
Floyd family attorney weighs in on police reform debate on Capitol Hill,,,2020-06-21 00:55:42.255384,https://www.foxnews.com/,foxnews,
U.S.At least 17 people injured in multiple shootings overnight in NYC,,,2020-06-21 00:55:42.255384,https://www.foxnews.com/,foxnews,
Personal FinanceIRS permits more Americans to tap retirement accounts without penalty,,,2020-06-21 00:55:42.255384,https://www.foxnews.com/,foxnews,
Cars + Trucks,,,2020-06-21 00:55:42.255384,https://www.foxnews.com/,foxnews,
"Science13-foot, 660-pound giant squid washes up on beach in rare sighting",,,2020-06-21 00:55:42.255384,https://www.foxnews.com/,foxnews,
Fox Nation,WATCH NOW,Show More,2020-06-21 00:55:42.255384,https://www.foxnews.com/,foxnews,
Join Now,"Duck, duck, Fox Nation! Celebrate Father's Day weekend with the Robertson's.",,2020-06-21 00:55:42.255384,https://www.foxnews.com/,foxnews,
Fox News Flash,Kamala Harris' record makes her 'too comfortable' a VP pick for Biden: GOP pollster,,2020-06-21 00:55:42.255384,https://www.foxnews.com/,foxnews,
Sen. Tom Cotton slams Justice Roberts on DACA decision,,,2020-06-21 00:55:42.255384,https://www.foxnews.com/,foxnews,
"Tucker Carlson: 'Flagrant double standard' of lockdowns, protests was a 'ritual humiliation' of Americans",,,2020-06-21 00:55:42.255384,https://www.foxnews.com/,foxnews,
Karl Rove reacts to Bolton tell-all about Trump: 'What the heck were these two guys doing in the same room?',,,2020-06-21 00:55:42.255384,https://www.foxnews.com/,foxnews,
Your Money,Coronavirus impacts your home's value  here's how,Show More,2020-06-21 00:55:42.255384,https://www.foxnews.com/,foxnews,
Opinion,Biden outpolls Trump among key group Trump carried in 2016  presidents mismanagement big issue,Show More,2020-06-21 00:55:42.255384,https://www.foxnews.com/,foxnews,
By Doug Schoen,,,2020-06-21 00:55:42.255384,https://www.foxnews.com/,foxnews,
"No one attempted to stop Democratic power grab, Republicans have let down millions",,,2020-06-21 00:55:42.255384,https://www.foxnews.com/,foxnews,
By Tucker Carlson,,,2020-06-21 00:55:42.255384,https://www.foxnews.com/,foxnews,
Green New Deal would cripple economy  Republicans have better way to fight climate change,,,2020-06-21 00:55:42.255384,https://www.foxnews.com/,foxnews,
By Greg Walden,,,2020-06-21 00:55:42.255384,https://www.foxnews.com/,foxnews,
What dads want  and don't want  on Father's Day,,,2020-06-21 00:55:42.255384,https://www.foxnews.com/,foxnews,
By Mike Kerrigan,,,2020-06-21 00:55:42.255384,https://www.foxnews.com/,foxnews,
Defund the police? Tried that in the '60s and '70s. Here's how it worked,,,2020-06-21 00:55:42.255384,https://www.foxnews.com/,foxnews,
By ,,,2020-06-21 00:55:42.255384,https://www.foxnews.com/,foxnews,
Steve Levy,,,2020-06-21 00:55:42.255384,https://www.foxnews.com/,foxnews,
,Enter email address,,2020-06-21 00:55:42.255384,https://www.foxnews.com/,foxnews,
Get the best of Fox News delivered to your inbox daily,We've added you to our mailing list.Close,,2020-06-21 00:55:42.255384,https://www.foxnews.com/,foxnews,
Your email address was not valid.Close,,,2020-06-21 00:55:42.255384,https://www.foxnews.com/,foxnews,
Features & Faces,How to HIDE pics on your phones camera roll,,2020-06-21 00:55:42.255384,https://www.foxnews.com/,foxnews,
Huge whale bones found WHERE?,,,2020-06-21 00:55:42.255384,https://www.foxnews.com/,foxnews,
"Ancient royal incest, REVEALED",,,2020-06-21 00:55:42.255384,https://www.foxnews.com/,foxnews,
What Tesla logo REALLY means,,,2020-06-21 00:55:42.255384,https://www.foxnews.com/,foxnews,
Disney guest claims BAD injury from scooter,,,2020-06-21 00:55:42.255384,https://www.foxnews.com/,foxnews,
Deputy RESPONDS to video backlash,,,2020-06-21 00:55:42.255384,https://www.foxnews.com/,foxnews,
Rinna poses nude at 56,,,2020-06-21 00:55:42.255384,https://www.foxnews.com/,foxnews,
Smith REVEALS his ultimate failure,,,2020-06-21 00:55:42.255384,https://www.foxnews.com/,foxnews,
Rapper dead at 26,,,2020-06-21 00:55:42.255384,https://www.foxnews.com/,foxnews,
What Gwen REALLY looks like'Jurassic Park' DISCOVERY,,,2020-06-21 00:55:42.255384,https://www.foxnews.com/,foxnews,
Scientists discover 'COSMIC BABY'Swift calls for JUNETEENTH holiday,,,2020-06-21 00:55:42.255384,https://www.foxnews.com/,foxnews,
Selling Sunset star tells ALL,,,2020-06-21 00:55:42.255384,https://www.foxnews.com/,foxnews,
Actress would NOT take this role today,,,2020-06-21 00:55:42.255384,https://www.foxnews.com/,foxnews,
Can this reality star RECOVER?Loughlin 'SCARED' about this,,,2020-06-21 00:55:42.255384,https://www.foxnews.com/,foxnews,
Star QUESTIONS cancel culture,,,2020-06-21 00:55:42.255384,https://www.foxnews.com/,foxnews,
Bill Nye: Heres the TRUTH,,,2020-06-21 00:55:42.255384,https://www.foxnews.com/,foxnews,
American Idol alum tells ALL,,,2020-06-21 00:55:42.255384,https://www.foxnews.com/,foxnews,
Ancient royal incest REVEALED,,,2020-06-21 00:55:42.255384,https://www.foxnews.com/,foxnews,
Meghan and Harry REJECTED,,,2020-06-21 00:55:42.255384,https://www.foxnews.com/,foxnews,
Why star is 'SUPER upset'Alaska landmark REMOVED after tourist accidents,,,2020-06-21 00:55:42.255384,https://www.foxnews.com/,foxnews,
Kelsey Berreths pastor speaks out,,,2020-06-21 00:55:42.255384,https://www.foxnews.com/,foxnews,
Change for 'RACIST' airport name?Previous,,,2020-06-21 00:55:42.255384,https://www.foxnews.com/,foxnews,
Next,,,2020-06-21 00:55:42.255384,https://www.foxnews.com/,foxnews,
Coronavirus,Sports,,2020-06-21 00:55:42.255384,https://www.foxnews.com/,foxnews,
View All,"Yankees, Mets to return to New York for spring training, Cuomo says",,2020-06-21 00:55:42.255384,https://www.foxnews.com/,foxnews,
"MediaOK Sen. Inhofe on Trump's Tulsa rally: COVID-19 waiver a 'good idea,' not afraid of protesters",,,2020-06-21 00:55:42.255384,https://www.foxnews.com/,foxnews,
Patriots allow at-risk season ticket holders to pass on 2020 without losing seats next year amid pandemic fears,,,2020-06-21 00:55:42.255384,https://www.foxnews.com/,foxnews,
"Trump prepares for first campaign rally in months in Tulsa amid concerns about coronavirus, violence",,,2020-06-21 00:55:42.255384,https://www.foxnews.com/,foxnews,
"SportsMLB stalemate: Players union says league won't respond to latest proposal, not willing to play more than 60 games",,,2020-06-21 00:55:42.255384,https://www.foxnews.com/,foxnews,
Fox News Flash,"MediaOK Sen. Inhofe on Trump's Tulsa rally: COVID-19 waiver a 'good idea,' not afraid of protesters",,2020-06-21 00:55:42.255384,https://www.foxnews.com/,foxnews,
View All,Media,,2020-06-21 00:55:42.255384,https://www.foxnews.com/,foxnews,
Floyd family attorney worries US could repeat history after removing Confederate monuments,,,2020-06-21 00:55:42.255384,https://www.foxnews.com/,foxnews,
Kamala Harris' record makes her 'too comfortable' a VP pick for Biden: GOP pollster,,,2020-06-21 00:55:42.255384,https://www.foxnews.com/,foxnews,
Seattle police union chief calls for 'leadership' after fatal shooting in CHOP zone,,,2020-06-21 00:55:42.255384,https://www.foxnews.com/,foxnews,
Sen. Tom Cotton slams Justice Roberts on DACA decision for applying 'different standards' to Obama and Trump,,,2020-06-21 00:55:42.255384,https://www.foxnews.com/,foxnews,
Politics,Politics,,2020-06-21 00:55:42.255384,https://www.foxnews.com/,foxnews,
View All,Trump expected to sign executive order expanding immigration restrictions,,2020-06-21 00:55:42.255384,https://www.foxnews.com/,foxnews,
PoliticsAG Barr says Trump has fired SDNY federal prosecutor who refused to leave; president says he's 'not involved'Politics,,,2020-06-21 00:55:42.255384,https://www.foxnews.com/,foxnews,
"Graham says he won't advance Trump nominee for SDNY prosecutor without Schumer, Gillibrand consent",,,2020-06-21 00:55:42.255384,https://www.foxnews.com/,foxnews,
U.S.View All,U.S.Atlanta investigators identify suspect in Wendy's arson case,,2020-06-21 00:55:42.255384,https://www.foxnews.com/,foxnews,
"U.S.At least 17 people injured in multiple shootings overnight in NYCU.S.Florida man confessed to grisly murders of 2 missing George Floyd protesters found dead, court docs showU.S.Carjacker sits on driver, leads police on wild chase from NJ to PennsylvaniaU.S.Ulysses S. Grant statue toppled in San Francisco",,,2020-06-21 00:55:42.255384,https://www.foxnews.com/,foxnews,
World,"WorldUK suspect arrested after stabbing attack, police say",,2020-06-21 00:55:42.255384,https://www.foxnews.com/,foxnews,
View All,World,,2020-06-21 00:55:42.255384,https://www.foxnews.com/,foxnews,
"World3 ISIS hideouts destroyed in Iraq, coalition says",,,2020-06-21 00:55:42.255384,https://www.foxnews.com/,foxnews,
New Zealand government uses 'Porn Actors' in ad campaign on cyber safety,,,2020-06-21 00:55:42.255384,https://www.foxnews.com/,foxnews,
Brazil's coronavirus cases top 1 million as the virus spreads,,,2020-06-21 00:55:42.255384,https://www.foxnews.com/,foxnews,
Proud American,,,2020-06-21 00:55:42.255384,https://www.foxnews.com/,foxnews,
View All,Science,,2020-06-21 00:55:42.255384,https://www.foxnews.com/,foxnews,
"Discovery of Civil War map sheds new light on Antietams bloody aftermathU.S.The heroic moves by police officers this weekU.S.California sheriff's deputy saves 11-month-old boy choking on coin during protest, video showsU.S.Nebraska officer seen fixing fallen US flag at auto-repair shop: 'The respect it deserves'Food & Drink",,,2020-06-21 00:55:42.255384,https://www.foxnews.com/,foxnews,
Tennessee deputy thanks 2 black women for buying him breakfast at Cracker Barrel: 'BLM but so does yours!',,,2020-06-21 00:55:42.255384,https://www.foxnews.com/,foxnews,
Opinion,Opinion,,2020-06-21 00:55:42.255384,https://www.foxnews.com/,foxnews,
View All,Doug Schoen: Biden outpolls Trump among key group Trump carried in 2016  presidents mismanagement big issue,,2020-06-21 00:55:42.255384,https://www.foxnews.com/,foxnews,
Opinion,,,2020-06-21 00:55:42.255384,https://www.foxnews.com/,foxnews,
Rep. Greg Walden: Green New Deal would cripple economy  Republicans have better way to fight climate change,,,2020-06-21 00:55:42.255384,https://www.foxnews.com/,foxnews,
Mike Kerrigan: What dads want  and don't want  on Father's Day,,,2020-06-21 00:55:42.255384,https://www.foxnews.com/,foxnews,
"Tucker Carlson: No one attempted to stop Democratic power grab, Republicans have let down millions",,,2020-06-21 00:55:42.255384,https://www.foxnews.com/,foxnews,
"Dr. Robi Ludwig: Crisis fatigue -- Tired of feeling stressed, overwhelmed? Here's what to do",,,2020-06-21 00:55:42.255384,https://www.foxnews.com/,foxnews,
Family,Opinion,,2020-06-21 00:55:42.255384,https://www.foxnews.com/,foxnews,
View All,Mike Kerrigan: What dads want  and don't want  on Father's Day,,2020-06-21 00:55:42.255384,https://www.foxnews.com/,foxnews,
Katherine Schwarzenegger says Chris Pratt has been a very wonderful husband during her pregnancy,,,2020-06-21 00:55:42.255384,https://www.foxnews.com/,foxnews,
Travel,,,2020-06-21 00:55:42.255384,https://www.foxnews.com/,foxnews,
Disney World sued by college athlete over alleged injury sustained from guest riding motorized scooter,,,2020-06-21 00:55:42.255384,https://www.foxnews.com/,foxnews,
Army veteran and congressional candidate: Proposal to make Juneteenth federal holiday 'a step in the right direction'Entertainment,,,2020-06-21 00:55:42.255384,https://www.foxnews.com/,foxnews,
Kevin Costner on how quarantine has strengthened his marriage to wife and bond with kids,,,2020-06-21 00:55:42.255384,https://www.foxnews.com/,foxnews,
Entertainment,Entertainment,,2020-06-21 00:55:42.255384,https://www.foxnews.com/,foxnews,
View All,Comedian DL Hughley hospitalized after collapsing during performance in Nashville,,2020-06-21 00:55:42.255384,https://www.foxnews.com/,foxnews,
Beyonc drops surprise single 'Black Parade' on Juneteenth,,,2020-06-21 00:55:42.255384,https://www.foxnews.com/,foxnews,
Pamela Anderson reveals if she'd ever pose nude for Playboy again,,,2020-06-21 00:55:42.255384,https://www.foxnews.com/,foxnews,
Deadliest Catch: Bloodline star Josh Harris on how hell honor late dad Captain Phil Harris on Fathers Day,,,2020-06-21 00:55:42.255384,https://www.foxnews.com/,foxnews,
Padma Lakshmi gets political on Taste the Nation: I don't think we should be threatened by immigration,,,2020-06-21 00:55:42.255384,https://www.foxnews.com/,foxnews,
Sports,Sports,,2020-06-21 00:55:42.255384,https://www.foxnews.com/,foxnews,
View All,Multiple Yankees employees test positive for coronavirus in Florida,,2020-06-21 00:55:42.255384,https://www.foxnews.com/,foxnews,
"Yankees, Mets to return to New York for spring training, Cuomo says",,,2020-06-21 00:55:42.255384,https://www.foxnews.com/,foxnews,
Lakers owner Jeanie Buss shares vile letter she received from racist fan: 'Why dont you look in the mirror'Sports,,,2020-06-21 00:55:42.255384,https://www.foxnews.com/,foxnews,
What to Watch,06:30,,2020-06-21 00:55:42.255384,https://www.foxnews.com/,foxnews,
View All,journal editorial report,,2020-06-21 00:55:42.255384,https://www.foxnews.com/,foxnews,
Trump trails Biden by 12 points in Fox News national poll06:47,,,2020-06-21 00:55:42.255384,https://www.foxnews.com/,foxnews,
America's News HQ,,,2020-06-21 00:55:42.255384,https://www.foxnews.com/,foxnews,
Rise in coronavirus cases seen in 27 states02:35,,,2020-06-21 00:55:42.255384,https://www.foxnews.com/,foxnews,
Rescue group saves homeless dogs from Puerto Rico04:06,,,2020-06-21 00:55:42.255384,https://www.foxnews.com/,foxnews,
Number of coronavirus deaths down as cases spike02:19,,,2020-06-21 00:55:42.255384,https://www.foxnews.com/,foxnews,
Fox Business Flash top headlines for June 20,,,2020-06-21 00:55:42.255384,https://www.foxnews.com/,foxnews,
Personal Finance,,,2020-06-21 00:55:42.255384,https://www.foxnews.com/,foxnews,
View All,Money,,2020-06-21 00:55:42.255384,https://www.foxnews.com/,foxnews,
Not tying the knot due to coronavirus? Heres why not getting married could have severe financial ramifications,,,2020-06-21 00:55:42.255384,https://www.foxnews.com/,foxnews,
Sponsored by Credible,,,2020-06-21 00:55:42.255384,https://www.foxnews.com/,foxnews,
Coronavirus impacts your home's value  here's how,,,2020-06-21 00:55:42.255384,https://www.foxnews.com/,foxnews,
Mortgage rates are going down  see how much you can save now,,,2020-06-21 00:55:42.255384,https://www.foxnews.com/,foxnews,
Parents can pay for college without going into massive debt  here's how,,,2020-06-21 00:55:42.255384,https://www.foxnews.com/,foxnews,
Real Estate,,,2020-06-21 00:55:42.255384,https://www.foxnews.com/,foxnews,
Suburbs in Southern states surge in popularity amid pandemic,,,2020-06-21 00:55:42.255384,https://www.foxnews.com/,foxnews,
Technology,Media,,2020-06-21 00:55:42.255384,https://www.foxnews.com/,foxnews,
View All,Conservative publisher claims Amazon blocked paid ads for book on 'Transgender Craze'Media,,2020-06-21 00:55:42.255384,https://www.foxnews.com/,foxnews,
"OK Sen. Inhofe on Trump's Tulsa rally: COVID-19 waiver a 'good idea,' not afraid of protesters",,,2020-06-21 00:55:42.255384,https://www.foxnews.com/,foxnews,
Tucker Carlson blasts Big Tech after show segments flagged: 'Censorship is now everywhere'Media,,,2020-06-21 00:55:42.255384,https://www.foxnews.com/,foxnews,
Columnist rips Washington Post for report on woman's offensive costume at staffer's party: It's a 'farce' or a 'scandal',,,2020-06-21 00:55:42.255384,https://www.foxnews.com/,foxnews,
Faith & Values,Opinion,,2020-06-21 00:55:42.255384,https://www.foxnews.com/,foxnews,
MediaNFL dads reflect on importance of fatherhood and faith,,,2020-06-21 00:55:42.255384,https://www.foxnews.com/,foxnews,
Army veteran and congressional candidate: Proposal to make Juneteenth federal holiday 'a step in the right direction'Opinion,,,2020-06-21 00:55:42.255384,https://www.foxnews.com/,foxnews,
Alveda King: Celebrating Juneteenth  Unite Americans by making it a national holidayU.S.Washington Gov. Inslee announces expanded coronavirus reopening capacity for faith-based services,,,2020-06-21 00:55:42.255384,https://www.foxnews.com/,foxnews,
Autos,,,2020-06-21 00:55:42.255384,https://www.foxnews.com/,foxnews,
View All,Cars + Trucks,,2020-06-21 00:55:42.255384,https://www.foxnews.com/,foxnews,
Ford moves new Bronco reveal from O.J. Simpson's birthday,,,2020-06-21 00:55:42.255384,https://www.foxnews.com/,foxnews,
Amputee race car driver and Paralympic gold medalist Alex Zanardi injured in handbike accident,,,2020-06-21 00:55:42.255384,https://www.foxnews.com/,foxnews,
Travel + Outdoors,Great Outdoors,,2020-06-21 00:55:42.255384,https://www.foxnews.com/,foxnews,
View All,Iconic 'Into the Wild' bus removed from Alaska wilderness after increase in tourist-related incidents,,2020-06-21 00:55:42.255384,https://www.foxnews.com/,foxnews,
U.S.Pennsylvania pushing for stricter boating under the influence laws ahead of summer,,,2020-06-21 00:55:42.255384,https://www.foxnews.com/,foxnews,
Lifestyle,,,2020-06-21 00:55:42.255384,https://www.foxnews.com/,foxnews,
Setting up a backyard fire pit: How to avoid a catastrophe,,,2020-06-21 00:55:42.255384,https://www.foxnews.com/,foxnews,
Great Outdoors,,,2020-06-21 00:55:42.255384,https://www.foxnews.com/,foxnews,
"Girl, 16, hooks record-breaking Goliath grouper on family vacation: 'In shock pretty much'Great Outdoors13-year-old fisherman reels in 844-pound tiger shark off coast of Texas",,,2020-06-21 00:55:42.255384,https://www.foxnews.com/,foxnews,
Food + Drink,U.S.Atlanta investigators identify suspect in Wendy's arson case,,2020-06-21 00:55:42.255384,https://www.foxnews.com/,foxnews,
View All,Food & Drink,,2020-06-21 00:55:42.255384,https://www.foxnews.com/,foxnews,
Father's Day feast: Guy Fieri's recipe for tequila-marinated chimichurri steak,,,2020-06-21 00:55:42.255384,https://www.foxnews.com/,foxnews,
Food & Drink,,,2020-06-21 00:55:42.255384,https://www.foxnews.com/,foxnews,
Food bank receives 33-year-old can of anchovies,,,2020-06-21 00:55:42.255384,https://www.foxnews.com/,foxnews,
"Ben & Jerry's pledges support for defunding the police on Juneteenth, explains movement",,,2020-06-21 00:55:42.255384,https://www.foxnews.com/,foxnews,
New Jersey 'pizza squirrel' unites Twitter: 'Nature is healing',,,2020-06-21 00:55:42.255384,https://www.foxnews.com/,foxnews,
House + Home,Real Estate,,2020-06-21 00:55:42.255384,https://www.foxnews.com/,foxnews,
View All,Man makes unusual kitchen discovery while apartment hunting: 'Nowhere in the unit description'Real Estate,,2020-06-21 00:55:42.255384,https://www.foxnews.com/,foxnews,
Airbnb host boasting about coronavirus 'immunity' has rental temporarily shut down,,,2020-06-21 00:55:42.255384,https://www.foxnews.com/,foxnews,
"Prince Charles, Duchess Camilla's old 'love shack' selling for $4.75 million",,,2020-06-21 00:55:42.255384,https://www.foxnews.com/,foxnews,
"People turn to hourly rental app to get quiet time away from roommates, loved ones during lockdown",,,2020-06-21 00:55:42.255384,https://www.foxnews.com/,foxnews,
Maryland mansion for sale comes with Christmas village complete with cobblestone streets in basement,,,2020-06-21 00:55:42.255384,https://www.foxnews.com/,foxnews,
Fitness + Well-being,Health,,2020-06-21 00:55:42.255384,https://www.foxnews.com/,foxnews,
View All,"Sit less, move more to lower cancer mortality risk, study says",,2020-06-21 00:55:42.255384,https://www.foxnews.com/,foxnews,
California gym owner says plastic workout pods are a hit amid pandemic: 'Everybody was super excited'Lifestyle78 percent of new parents worry about their baby's exposure to germs: study,,,2020-06-21 00:55:42.255384,https://www.foxnews.com/,foxnews,
Sports Illustrated Swimsuit teams with retailer to launch 'inclusive' new swimwear line,,,2020-06-21 00:55:42.255384,https://www.foxnews.com/,foxnews,
"Americans will suffer 5 sweaty, sleepless nights before turning on the AC for the summer, survey finds",,,2020-06-21 00:55:42.255384,https://www.foxnews.com/,foxnews,
Style + Beauty,Entertainment,,2020-06-21 00:55:42.255384,https://www.foxnews.com/,foxnews,
View All,Pamela Anderson reveals if she'd ever pose nude for Playboy again,,2020-06-21 00:55:42.255384,https://www.foxnews.com/,foxnews,
Woman in skimpy outfit performing squats near religious ceremony on Bali beach is slammed: 'Inappropriate'Entertainment,,,2020-06-21 00:55:42.255384,https://www.foxnews.com/,foxnews,
Julianne Hough reacts to ex Brooks Laich's new hairstyle after announcing split: 'Viking status'Lifestyle,,,2020-06-21 00:55:42.255384,https://www.foxnews.com/,foxnews,
Horse sanctuary matches people's DIY haircuts to horse manes: 'Brilliantly accurate',,,2020-06-21 00:55:42.255384,https://www.foxnews.com/,foxnews,
Health,Health,,2020-06-21 00:55:42.255384,https://www.foxnews.com/,foxnews,
View All,"Coronavirus plasma study shows 'robust evidence' of transfusion treatment improving survivability, authors say",,2020-06-21 00:55:42.255384,https://www.foxnews.com/,foxnews,
Health,,,2020-06-21 00:55:42.255384,https://www.foxnews.com/,foxnews,
Coronavirus doctors overuse of antibiotics could spur resistance and raise death toll,,,2020-06-21 00:55:42.255384,https://www.foxnews.com/,foxnews,
"Number of coronavirus cases linked to Boise bars doubles, officials say",,,2020-06-21 00:55:42.255384,https://www.foxnews.com/,foxnews,
Florida sets new record in coronavirus single-day cases,,,2020-06-21 00:55:42.255384,https://www.foxnews.com/,foxnews,
"Men should limit alcohol intake to one drink a day for better health, federal committee advises",,,2020-06-21 00:55:42.255384,https://www.foxnews.com/,foxnews,
Your Money,Sponsored by Credible,,2020-06-21 00:55:42.255384,https://www.foxnews.com/,foxnews,
View All,Coronavirus impacts your home's value  here's how,,2020-06-21 00:55:42.255384,https://www.foxnews.com/,foxnews,
Sponsored by Credible3 ways to get more money for college amid coronavirus,,,2020-06-21 00:55:42.255384,https://www.foxnews.com/,foxnews,
How to graduate college with (almost) no debt,,,2020-06-21 00:55:42.255384,https://www.foxnews.com/,foxnews,
Good News,U.S.,,2020-06-21 00:55:42.255384,https://www.foxnews.com/,foxnews,
View All,"The heroic moves by police officers this weekU.S.California sheriff's deputy saves 11-month-old boy choking on coin during protest, video shows",,2020-06-21 00:55:42.255384,https://www.foxnews.com/,foxnews,
"Former UFC champ Miesha Tate reveals she gave birth in bathroom: 'It was perfectly imperfect'U.S.Florida pastor gets ice cream truck on his birthday, hands out free treatsU.S.Elderly Indiana couple reunited after 5-week coronavirus separation",,,2020-06-21 00:55:42.255384,https://www.foxnews.com/,foxnews,
Full Episodes,44:15,,2020-06-21 00:55:42.255384,https://www.foxnews.com/,foxnews,
View All,Video,,2020-06-21 00:55:42.255384,https://www.foxnews.com/,foxnews,
"Fox News @ Night - Friday, June 1943:30",,,2020-06-21 00:55:42.255384,https://www.foxnews.com/,foxnews,
"Hannity - Friday, June 1940:32",,,2020-06-21 00:55:42.255384,https://www.foxnews.com/,foxnews,
"Tucker Carlson Tonight- Friday, June 1939:12",,,2020-06-21 00:55:42.255384,https://www.foxnews.com/,foxnews,
The Story w/ Martha Mac,,,2020-06-21 00:55:42.255384,https://www.foxnews.com/,foxnews,
"Callum - Friday, June 1941:04",,,2020-06-21 00:55:42.255384,https://www.foxnews.com/,foxnews,
"Special Report w/ Bret Baier - Friday, June 19",,,2020-06-21 00:55:42.255384,https://www.foxnews.com/,foxnews,
411 Country,01:48,,2020-06-21 00:55:42.255384,https://www.foxnews.com/,foxnews,
Coronavirus rocks country music with tour postponements02:18,,,2020-06-21 00:55:42.255384,https://www.foxnews.com/,foxnews,
Video,,,2020-06-21 00:55:42.255384,https://www.foxnews.com/,foxnews,
Candi Carpenter: 5 things to know about the country songstress05:15,,,2020-06-21 00:55:42.255384,https://www.foxnews.com/,foxnews,
Luke Bryan says his fans keep him grounded amid fame: 'I've always listened to what they had to say'02:45,,,2020-06-21 00:55:42.255384,https://www.foxnews.com/,foxnews,
Garth Brooks' top eight music moments,,,2020-06-21 00:55:42.255384,https://www.foxnews.com/,foxnews,
Martina Mc,,,2020-06-21 00:55:42.255384,https://www.foxnews.com/,foxnews,
Bride mourns mother in loving Instagram post,,,2020-06-21 00:55:42.255384,https://www.foxnews.com/,foxnews,
Fox News Salutes,Media,,2020-06-21 00:55:42.255384,https://www.foxnews.com/,foxnews,
View All,Army veteran and congressional candidate: Proposal to make Juneteenth federal holiday 'a step in the right direction'Politics,,2020-06-21 00:55:42.255384,https://www.foxnews.com/,foxnews,
Trump introduces initiative to help veterans suffering from mental health issues,,,2020-06-21 00:55:42.255384,https://www.foxnews.com/,foxnews,
Paul Lawrence: Veteran outreach  agency creating new ways to connect during coronavirus shutdown,,,2020-06-21 00:55:42.255384,https://www.foxnews.com/,foxnews,
Gutfeld on the natural human desire for helpingU.S.Veteran missing for one month found dead at Massachusetts VA facility where he lived,,,2020-06-21 00:55:42.255384,https://www.foxnews.com/,foxnews,
Crime,U.S.Atlanta investigators identify suspect in Wendy's arson case,,2020-06-21 00:55:42.255384,https://www.foxnews.com/,foxnews,
View All,"WorldUK suspect arrested after stabbing attack left 3 dead, police sayU.S.At least 17 people injured in multiple shootings overnight in NYCU.S.Florida man confessed to grisly murders of 2 missing George Floyd protesters found dead, court docs showU.S.Carjacker sits on driver, leads police on wild chase from NJ to Pennsylvania",,2020-06-21 00:55:42.255384,https://www.foxnews.com/,foxnews,
"OK senator on Trump's Tulsa rally: COVID-19 waiver a 'good idea,' not afraid of protesters",Six members of Trump advance team in Tulsa test positive for coronavirus,,2020-06-21 00:55:42.255384,https://www.foxnews.com/,foxnews,
,US attorney in New York disputes Barr claim that he's resigning,,2020-06-21 00:55:42.255384,https://www.foxnews.com/,foxnews,
Graham says he won't advance Trump nominee for SDNY prosecutor without this,,,2020-06-21 00:55:42.255384,https://www.foxnews.com/,foxnews,
"'Im not involved,' Trump claims after Barr says president removed US attorney",,,2020-06-21 00:55:42.939307,https://abcnews.go.com/,abcnews,
Barr says a US attorney can be removed by order of the president. ,,,2020-06-21 00:55:42.939307,https://abcnews.go.com/,abcnews,
1h ago,,,2020-06-21 00:55:42.939307,https://abcnews.go.com/,abcnews,
Biden campaign says firing US attorney for New York raises 'extraordinary concerns',,,2020-06-21 00:55:42.939307,https://abcnews.go.com/,abcnews,
ABC News Live,,,2020-06-21 00:55:42.939307,https://abcnews.go.com/,abcnews,
Skeletal remains found near Fort Hood military base identified,,,2020-06-21 00:55:42.939307,https://abcnews.go.com/,abcnews,
Protesters take down Confederate statues in North Carolina state Capitol,,,2020-06-21 00:55:42.939307,https://abcnews.go.com/,abcnews,
Bolton suggests possible 'obstruction' by Trump in SDNY Turkey investigation,,,2020-06-21 00:55:42.939307,https://abcnews.go.com/,abcnews,
Jun 20,,,2020-06-21 00:55:42.939307,https://abcnews.go.com/,abcnews,
"Bolton book can be released, but conduct 'raises grave national security concerns'",,,2020-06-21 00:55:42.939307,https://abcnews.go.com/,abcnews,
"Bolton: Trump's not 'fit for office,' doesn't have 'competence to carry out the job'",,,2020-06-21 00:55:42.939307,https://abcnews.go.com/,abcnews,
"1 dead, 1 injured after shooting in Seattle autonomous zone",,,2020-06-21 00:55:42.939307,https://abcnews.go.com/,abcnews,
Man arrested after threatening to shoot 'everyone' at Black Lives Matter protests,,,2020-06-21 00:55:42.939307,https://abcnews.go.com/,abcnews,
Police to fire officer involved in Breonna Taylor shooting,,,2020-06-21 00:55:42.939307,https://abcnews.go.com/,abcnews,
Reverend of historic Tulsa church preps for presidents visit,,,2020-06-21 00:55:42.939307,https://abcnews.go.com/,abcnews,
Jun 19,,,2020-06-21 00:55:42.939307,https://abcnews.go.com/,abcnews,
Trump adviser on necessary precautions for Tulsa rally,,,2020-06-21 00:55:42.939307,https://abcnews.go.com/,abcnews,
Beyond the bombshells: 5 other memorable takeaways from Bolton's book,,,2020-06-21 00:55:42.939307,https://abcnews.go.com/,abcnews,
"Campaigning amid COVID highlights contrast between Trump, Biden",,,2020-06-21 00:55:42.939307,https://abcnews.go.com/,abcnews,
John Bolton responds to President Trump's tweets about new memoir,,,2020-06-21 00:55:42.939307,https://abcnews.go.com/,abcnews,
Navy upholds firing of USS Theodore Roosevelt captain and holds admiral accountable,,,2020-06-21 00:55:42.939307,https://abcnews.go.com/,abcnews,
"Democrats counter-program Trump's Tulsa rally, aim to undercut pitch to black voters",,,2020-06-21 00:55:42.939307,https://abcnews.go.com/,abcnews,
"After racially divisive tweets, Trump is quiet on Juneteenth he says he made 'famous'",,,2020-06-21 00:55:42.939307,https://abcnews.go.com/,abcnews,
Trump's tweet blasting 'Fake News' labeled as 'Manipulated Media' by Twitter,,,2020-06-21 00:55:42.939307,https://abcnews.go.com/,abcnews,
"Racial unrest impacts Kentucky Senate primary, reshaping contest to take on Mc",,,2020-06-21 00:55:42.939307,https://abcnews.go.com/,abcnews,
Connell,,,2020-06-21 00:55:42.939307,https://abcnews.go.com/,abcnews,
Commission overseeing $500B of taxpayer money remains leaderless,,,2020-06-21 00:55:42.939307,https://abcnews.go.com/,abcnews,
Colorado Senate hopeful Romanoff says Hickenlooper: 'out of step with the moment',,,2020-06-21 00:55:42.939307,https://abcnews.go.com/,abcnews,
6 Trump campaign staffers test positive for COVID-19 ahead of Tulsa rally,,,2020-06-21 00:55:42.939307,https://abcnews.go.com/,abcnews,
3h ago,,,2020-06-21 00:55:42.939307,https://abcnews.go.com/,abcnews,
"Trump heads to Tulsa for rally amid pandemic, despite warnings from health experts",,,2020-06-21 00:55:42.939307,https://abcnews.go.com/,abcnews,
Trump threatens protesters ahead of Tulsa rally,,,2020-06-21 00:55:42.939307,https://abcnews.go.com/,abcnews,
"Florida sets new record of COVID-19 cases with over 4,000 more",,,2020-06-21 00:55:42.939307,https://abcnews.go.com/,abcnews,
2h ago,,,2020-06-21 00:55:42.939307,https://abcnews.go.com/,abcnews,
How to form a COVID-19 social bubble,,,2020-06-21 00:55:42.939307,https://abcnews.go.com/,abcnews,
"3,600 cardiac arrest deaths in NYC were result of COVID",,,2020-06-21 00:55:42.939307,https://abcnews.go.com/,abcnews,
Reopened for business: Here's how states responded to coronavirus in May,,,2020-06-21 00:55:42.939307,https://abcnews.go.com/,abcnews,
Economy vs. death: How April shaped Americas coronavirus response,,,2020-06-21 00:55:42.939307,https://abcnews.go.com/,abcnews,
How did we get here? Americans' response to coronavirus in March,,,2020-06-21 00:55:42.939307,https://abcnews.go.com/,abcnews,
Should you wear gloves while you grocery shop?,,,2020-06-21 00:55:42.939307,https://abcnews.go.com/,abcnews,
Coronavirus testing in the US,,,2020-06-21 00:55:42.939307,https://abcnews.go.com/,abcnews,
Timeline: Trumps response to the coronavirus pandemic,,,2020-06-21 00:55:42.939307,https://abcnews.go.com/,abcnews,
How can antibodies be used to treat COVID-19: Blood plasma explained,,,2020-06-21 00:55:42.939307,https://abcnews.go.com/,abcnews,
PPE shortage: How did it happen?,,,2020-06-21 00:55:42.939307,https://abcnews.go.com/,abcnews,
Coronavirus explained,,,2020-06-21 00:55:42.939307,https://abcnews.go.com/,abcnews,
Coronavirus and the human body,,,2020-06-21 00:55:42.939307,https://abcnews.go.com/,abcnews,
Young mountain lion believed to have killed 3 marsupials at San Francisco Zoo,,,2020-06-21 00:55:42.939307,https://abcnews.go.com/,abcnews,
Dozens arrested in Belarus amid unusual signs of political unrest,,,2020-06-21 00:55:42.939307,https://abcnews.go.com/,abcnews,
Arrest warrant issued for woman who allegedly set Wendy's in Atlanta on fire,,,2020-06-21 00:55:42.939307,https://abcnews.go.com/,abcnews,
George Floyd protests have spread to small cities and towns in the US,,,2020-06-21 00:55:42.939307,https://abcnews.go.com/,abcnews,
Slideshow of George Floyd Murals Around The World,,,2020-06-21 00:55:42.939307,https://abcnews.go.com/,abcnews,
Vitamin D deficiency unlikely to fully explain COVID-19's effect on people of color,,,2020-06-21 00:55:42.939307,https://abcnews.go.com/,abcnews,
Volunteer sleuths track down Hawaii's quarantine scofflaws,,,2020-06-21 00:55:42.939307,https://abcnews.go.com/,abcnews,
'Disease intelligence' and how the CIA traced epidemics out of Cold War Asia,,,2020-06-21 00:55:42.939307,https://abcnews.go.com/,abcnews,
Statues toppled throughout US in protests against racism,,,2020-06-21 00:55:42.939307,https://abcnews.go.com/,abcnews,
16m ago,,,2020-06-21 00:55:42.939307,https://abcnews.go.com/,abcnews,
There are no Black doctors in Congress. A candidate in Virginia hopes to change that.,,,2020-06-21 00:55:42.939307,https://abcnews.go.com/,abcnews,
Woman whose father was lynched in 1947: Time for US to 'acknowledge our sinful past',,,2020-06-21 00:55:42.939307,https://abcnews.go.com/,abcnews,
The fight to vote: Black activists work to upend a history of voter suppression,,,2020-06-21 00:55:42.939307,https://abcnews.go.com/,abcnews,
Key Moments in Fight for Gay Rights,,,2020-06-21 00:55:42.939307,https://abcnews.go.com/,abcnews,
Jun 5,,,2020-06-21 00:55:42.939307,https://abcnews.go.com/,abcnews,
Scenes of the Summer,,,2020-06-21 00:55:42.939307,https://abcnews.go.com/,abcnews,
"Custom guitar from Prince's 1980s prime sells for $563,500",,,2020-06-21 00:55:42.939307,https://abcnews.go.com/,abcnews,
Popular Black food truck owner in LA has grand opening of new store,,,2020-06-21 00:55:42.939307,https://abcnews.go.com/,abcnews,
Bill Nye the Science Guy's advice for getting kids into science this summer,,,2020-06-21 00:55:42.939307,https://abcnews.go.com/,abcnews,
Artist turns parking lot into giant mural honoring health care workers,,,2020-06-21 00:55:42.939307,https://abcnews.go.com/,abcnews,
How fathers are teaching kids about racism and privilege,,,2020-06-21 00:55:42.939307,https://abcnews.go.com/,abcnews,
"Trisha Yearwood, Kelly Clarkson among the Hollywood Walk of Fame Class of 2021",,,2020-06-21 00:55:42.939307,https://abcnews.go.com/,abcnews,
Usher calls for Juneteenth to become a national holiday,,,2020-06-21 00:55:42.939307,https://abcnews.go.com/,abcnews,
Laverne Cox: SCOTUS win for LGBT people still 'doesn't change hearts and minds',,,2020-06-21 00:55:42.939307,https://abcnews.go.com/,abcnews,
7 ways the 2020 ESPYS will be different amid the pandemic,,,2020-06-21 00:55:42.939307,https://abcnews.go.com/,abcnews,
2 sisters donate their kidneys to strangers to 'honor' their late dad,,,2020-06-21 00:55:42.939307,https://abcnews.go.com/,abcnews,
Everything a first-time camper needs to know before planning a trip,,,2020-06-21 00:55:42.939307,https://abcnews.go.com/,abcnews,
The story of 'ugly cry' that came from this gorgeous father-daughter dance,,,2020-06-21 00:55:42.939307,https://abcnews.go.com/,abcnews,
"Drybar to require client temperature checks, face coverings",,,2020-06-21 00:55:42.939307,https://abcnews.go.com/,abcnews,
Raven-Symon marries Miranda Pearman-Maday: See their wedding photo,,,2020-06-21 00:55:42.939307,https://abcnews.go.com/,abcnews,
These dads are doing ballet with their daughters and we are here for it,,,2020-06-21 00:55:42.939307,https://abcnews.go.com/,abcnews,
This dad rooting for his cheerleader daughter deserves a medal,,,2020-06-21 00:55:42.939307,https://abcnews.go.com/,abcnews,
New video game could potentially help children with ADHD,,,2020-06-21 00:55:42.939307,https://abcnews.go.com/,abcnews,
Malala Yousafzai celebrates graduation from Oxford University,,,2020-06-21 00:55:42.939307,https://abcnews.go.com/,abcnews,
Man loses 129 pounds to run with his sons: 'Ive given my kids the dad they deserve',,,2020-06-21 00:55:42.939307,https://abcnews.go.com/,abcnews,
Father opens up about coming out to his 3 sons: I'm still the same dad as before,,,2020-06-21 00:55:42.939307,https://abcnews.go.com/,abcnews,
'GMA' Deals & Steals on products $20 and less from small businesses,,,2020-06-21 00:55:42.939307,https://abcnews.go.com/,abcnews,
"Ian Holm, Jean Kennedy Smith and other notable people who died in 2020",,,2020-06-21 00:55:42.939307,https://abcnews.go.com/,abcnews,
"PHOTOS: Death of George Floyd sparks widespread outcry, protests",,,2020-06-21 00:55:42.939307,https://abcnews.go.com/,abcnews,
"BLM protests, supreme court decision, graduation: This Week in Pictures",,,2020-06-21 00:55:42.939307,https://abcnews.go.com/,abcnews,
Slideshow: A look back at the tragic Emanuel AME Church shooting,,,2020-06-21 00:55:42.939307,https://abcnews.go.com/,abcnews,
Multiple people injured in 'incident' at UK park,,,2020-06-21 00:55:42.939307,https://abcnews.go.com/,abcnews,
Federal employee on leave over 'disturbing' video,,,2020-06-21 00:55:42.939307,https://abcnews.go.com/,abcnews,
Officer arrested at Robert E. Lee monument,,,2020-06-21 00:55:42.939307,https://abcnews.go.com/,abcnews,
Protesters bring down statue of Francis Scott Key,,,2020-06-21 00:55:42.939307,https://abcnews.go.com/,abcnews,
Teen shot to death at Juneteenth celebration,,,2020-06-21 00:55:42.939307,https://abcnews.go.com/,abcnews,
Officer charged in Floyd's death released on bail,,,2020-06-21 00:55:42.939307,https://abcnews.go.com/,abcnews,
Bighorn Fire persists in Arizona,,,2020-06-21 00:55:42.939307,https://abcnews.go.com/,abcnews,
Type 1 diabetics at risk for severe COVID illness,,,2020-06-21 00:55:42.939307,https://abcnews.go.com/,abcnews,
COVID-19 hospitalizations increasing in 17 states,,,2020-06-21 00:55:42.939307,https://abcnews.go.com/,abcnews,
Inside Seattle's police-free zone,,,2020-06-21 00:55:42.939307,https://abcnews.go.com/,abcnews,
AMC to now require all patrons to wear masks,,,2020-06-21 00:55:42.939307,https://abcnews.go.com/,abcnews,
Divisions emerge on renaming military bases: POLL,,,2020-06-21 00:55:42.939307,https://abcnews.go.com/,abcnews,
Employee successfully wins Juneteenth paid holiday,,,2020-06-21 00:55:42.939307,https://abcnews.go.com/,abcnews,
Man killed in deputy-involved shooting,,,2020-06-21 00:55:42.939307,https://abcnews.go.com/,abcnews,
Resources for COVID-19 testing still limited,,,2020-06-21 00:55:42.939307,https://abcnews.go.com/,abcnews,
How to stay safe from shark attacks this summer,,,2020-06-21 00:55:42.939307,https://abcnews.go.com/,abcnews,
1 dead in Toronto shooting: Police,,,2020-06-21 00:55:42.939307,https://abcnews.go.com/,abcnews,
Juneteenth order found at National Archives,,,2020-06-21 00:55:42.939307,https://abcnews.go.com/,abcnews,
Black businesses gain support in equality fight,,,2020-06-21 00:55:42.939307,https://abcnews.go.com/,abcnews,
China company says it may have vaccine by 'autumn',,,2020-06-21 00:55:42.939307,https://abcnews.go.com/,abcnews,
"SC sees more COVID-19 cases, hospitalizations",,,2020-06-21 00:55:42.939307,https://abcnews.go.com/,abcnews,
Sheriff decries hanging mannequin in cop uniform,,,2020-06-21 00:55:42.939307,https://abcnews.go.com/,abcnews,
Pence to meet with Black leaders in Tulsa,,,2020-06-21 00:55:42.939307,https://abcnews.go.com/,abcnews,
PGA Tour carries on after positive COVID-19 test,,,2020-06-21 00:55:42.939307,https://abcnews.go.com/,abcnews,
Beyonc drops surprise single 'Black Parade' on Juneteenth,,,2020-06-21 00:55:42.939307,https://abcnews.go.com/,abcnews,
Justice Dept. auditing body cam policies,,,2020-06-21 00:55:42.939307,https://abcnews.go.com/,abcnews,
"Advocates worry blacks, Hispanics behind in census",,,2020-06-21 00:55:42.939307,https://abcnews.go.com/,abcnews,
Putin orders officials to fully clean Arctic fuel spill area,,,2020-06-21 00:55:42.939307,https://abcnews.go.com/,abcnews,
TSA insider faults agency's response to virus,,,2020-06-21 00:55:42.939307,https://abcnews.go.com/,abcnews,
NCAA championships set new rules for host cities,,,2020-06-21 00:55:42.939307,https://abcnews.go.com/,abcnews,
Europe presses Iran to provide atomic site access,,,2020-06-21 00:55:42.939307,https://abcnews.go.com/,abcnews,
"Carjacker sits on driver, leads officers on chase",,,2020-06-21 00:55:42.939307,https://abcnews.go.com/,abcnews,
Play,,,2020-06-21 00:55:42.939307,https://abcnews.go.com/,abcnews,
ABC,,,2020-06-21 00:55:42.939307,https://abcnews.go.com/,abcnews,
News.com,,,2020-06-21 00:55:42.939307,https://abcnews.go.com/,abcnews,
0:40,,,2020-06-21 00:55:42.939307,https://abcnews.go.com/,abcnews,
Fireworks light up night sky in Brooklyn,,,2020-06-21 00:55:42.939307,https://abcnews.go.com/,abcnews,
0:45,,,2020-06-21 00:55:42.939307,https://abcnews.go.com/,abcnews,
Disabled veterans help clean underwater war memorial,,,2020-06-21 00:55:42.939307,https://abcnews.go.com/,abcnews,
2:05,,,2020-06-21 00:55:42.939307,https://abcnews.go.com/,abcnews,
College basketball player nails full-court trick shot,,,2020-06-21 00:55:42.939307,https://abcnews.go.com/,abcnews,
0:19,,,2020-06-21 00:55:42.939307,https://abcnews.go.com/,abcnews,
Lightning breaks through clouds in rural Estonia,,,2020-06-21 00:55:42.939307,https://abcnews.go.com/,abcnews,
0:38,,,2020-06-21 00:55:42.939307,https://abcnews.go.com/,abcnews,
Judge rejects Trump bid to ban ex-adviser's book,A US judge denies the Trump administration's bid to halt publication of John Bolton's memoir.,,2020-06-21 00:55:43.574049,https://www.bbc.com/news,bbcnews,
'Several dead' after UK park stabbing incident,Police are looking at terror as a possible motivation after a serious incident in a park in Reading.,,2020-06-21 00:55:43.574049,https://www.bbc.com/news,bbcnews,
Crowds gather for Trump rally despite virus fears,"The US president will hold his first rally since March, when the US coronavirus lockdown began.",,2020-06-21 00:55:43.574049,https://www.bbc.com/news,bbcnews,
Border clash a 'deliberate provocation' - China,A spokesman says Indian troops attacked Chinese soldiers but gave no details of Chinese casualties.,,2020-06-21 00:55:43.574049,https://www.bbc.com/news,bbcnews,
Son repeats father's historic ocean dive,"Sixty years after his father did it first, Kelly Walsh dives to the deepest point in Earth's oceans.",,2020-06-21 00:55:43.574049,https://www.bbc.com/news,bbcnews,
Video 1 minute 20 seconds,Hundreds of protesters gathered in several states to topple statues associated with slavery.,,2020-06-21 00:55:43.574049,https://www.bbc.com/news,bbcnews,
Protesters topple statues across US,,,2020-06-21 00:55:43.574049,https://www.bbc.com/news,bbcnews,
Trump fires top US prosecutor who refused to quit,"The president removes Geoffrey Berman from office, a day after he said he was not stepping down.",,2020-06-21 00:55:43.574049,https://www.bbc.com/news,bbcnews,
Controversial Lenin statue erected in German city,"The statue was unveiled by a far-left party, despite fierce objections from the city council.",,2020-06-21 00:55:43.574049,https://www.bbc.com/news,bbcnews,
X Factor star reveals 'heartbreaking' racism,"Alexandra Burke says she was told to bleach her skin and style her hair ""to appeal to white people"".",,2020-06-21 00:55:43.574049,https://www.bbc.com/news,bbcnews,
Spain to allow UK tourists without quarantine,"UK travellers will be able to visit the country ""freely"" from Sunday, says Spain's foreign minister.",,2020-06-21 00:55:43.574049,https://www.bbc.com/news,bbcnews,
Greta: Climate change 'as urgent' as coronavirus,Greta Thunberg says the world needs to treat climate change with similar urgency to Covid-19.,,2020-06-21 00:55:43.574049,https://www.bbc.com/news,bbcnews,
Beijing to set up new security office in Hong Kong,"China's new law for the territory will also override any conflicting local law, state media says.",,2020-06-21 00:55:43.574049,https://www.bbc.com/news,bbcnews,
DR Congo president's top aide jailed for corruption,Vital Kamerhe was sentenced to 20 years hard labour after a trial marked by the murder of a judge.,,2020-06-21 00:55:43.574049,https://www.bbc.com/news,bbcnews,
Paralympian Zanardi in serious condition after crash,"Former Formula 1 driver Alex Zanardi is in a ""serious but stable"" condition after surgery on a head injury sustained in a handbike accident.",,2020-06-21 00:55:43.574049,https://www.bbc.com/news,bbcnews,
'Several dead' after UK park stabbing incident,Police are looking at terror as a possible motivation after a serious incident in a park in Reading.,,2020-06-21 00:55:44.146634,https://www.bbc.com/news,bbcnews,
Crowds gather for Trump rally despite virus fears,"The US president will hold his first rally since March, when the US coronavirus lockdown began.",,2020-06-21 00:55:44.146634,https://www.bbc.com/news,bbcnews,
Border clash a 'deliberate provocation' - China,A spokesman says Indian troops attacked Chinese soldiers but gave no details of Chinese casualties.,,2020-06-21 00:55:44.146634,https://www.bbc.com/news,bbcnews,
Son repeats father's historic ocean dive,"Sixty years after his father did it first, Kelly Walsh dives to the deepest point in Earth's oceans.",,2020-06-21 00:55:44.146634,https://www.bbc.com/news,bbcnews,
Video 1 minute 20 seconds,Hundreds of protesters gathered in several states to topple statues associated with slavery.,,2020-06-21 00:55:44.146634,https://www.bbc.com/news,bbcnews,
Protesters topple statues across US,,,2020-06-21 00:55:44.146634,https://www.bbc.com/news,bbcnews,
Trump fires top US prosecutor who refused to quit,"The president removes Geoffrey Berman from office, a day after he said he was not stepping down.",,2020-06-21 00:55:44.146634,https://www.bbc.com/news,bbcnews,
Controversial Lenin statue erected in German city,"The statue was unveiled by a far-left party, despite fierce objections from the city council.",,2020-06-21 00:55:44.146634,https://www.bbc.com/news,bbcnews,
X Factor star reveals 'heartbreaking' racism,"Alexandra Burke says she was told to bleach her skin and style her hair ""to appeal to white people"".",,2020-06-21 00:55:44.146634,https://www.bbc.com/news,bbcnews,
Spain to allow UK tourists without quarantine,"UK travellers will be able to visit the country ""freely"" from Sunday, says Spain's foreign minister.",,2020-06-21 00:55:44.146634,https://www.bbc.com/news,bbcnews,
Greta: Climate change 'as urgent' as coronavirus,Greta Thunberg says the world needs to treat climate change with similar urgency to Covid-19.,,2020-06-21 00:55:44.146634,https://www.bbc.com/news,bbcnews,
Beijing to set up new security office in Hong Kong,"China's new law for the territory will also override any conflicting local law, state media says.",,2020-06-21 00:55:44.146634,https://www.bbc.com/news,bbcnews,
DR Congo president's top aide jailed for corruption,Vital Kamerhe was sentenced to 20 years hard labour after a trial marked by the murder of a judge.,,2020-06-21 00:55:44.146634,https://www.bbc.com/news,bbcnews,
Paralympian Zanardi in serious condition after crash,"Former Formula 1 driver Alex Zanardi is in a ""serious but stable"" condition after surgery on a head injury sustained in a handbike accident.",,2020-06-21 00:55:44.146634,https://www.bbc.com/news,bbcnews,
Video,,,2020-06-21 00:55:44.146634,https://www.bbc.com/news,bbcnews,
Wuhan: How life changed in the coronavirus city,,,2020-06-21 00:55:44.146634,https://www.bbc.com/news,bbcnews,
Beyonc releases surprise new song Black Parade,,,2020-06-21 00:55:44.146634,https://www.bbc.com/news,bbcnews,
Refugees who play football,,,2020-06-21 00:55:44.146634,https://www.bbc.com/news,bbcnews,
Would you wear a plastic shield in public?,,,2020-06-21 00:55:44.146634,https://www.bbc.com/news,bbcnews,
What you need to know about Juneteenth,,,2020-06-21 00:55:44.146634,https://www.bbc.com/news,bbcnews,
The 94-year-old mayor in his 20th election race,,,2020-06-21 00:55:44.146634,https://www.bbc.com/news,bbcnews,
Fergus Walsh: At last some good news about coronavirus,,,2020-06-21 00:55:44.146634,https://www.bbc.com/news,bbcnews,
The attack that highlighted an epidemic of abuse,,,2020-06-21 00:55:44.146634,https://www.bbc.com/news,bbcnews,
Rough but not Rowdy: Dylan's new album is a masterpiece ,,,2020-06-21 00:55:44.146634,https://www.bbc.com/news,bbcnews,
'Deadly mask' claims debunked,,,2020-06-21 00:55:44.146634,https://www.bbc.com/news,bbcnews,
'I'm having to survive on a third of what I had',,,2020-06-21 00:55:44.146634,https://www.bbc.com/news,bbcnews,
The blogger who hit back at a Russian 'assassin',,,2020-06-21 00:55:44.146634,https://www.bbc.com/news,bbcnews,
'Why I will no longer call the police',,,2020-06-21 00:55:44.146634,https://www.bbc.com/news,bbcnews,
The North Korean prisoner who escaped with her guard,,,2020-06-21 00:55:44.146634,https://www.bbc.com/news,bbcnews,
Seven billion people 'need a sense of oneness',,,2020-06-21 00:55:44.146634,https://www.bbc.com/news,bbcnews,
City of two masks faces a new crisis,,,2020-06-21 00:55:44.146634,https://www.bbc.com/news,bbcnews,
How microaggressions work,,,2020-06-21 00:55:44.146634,https://www.bbc.com/news,bbcnews,
The US islands of slave descendants,,,2020-06-21 00:55:44.146634,https://www.bbc.com/news,bbcnews,
Short stories for every taste and mood,,,2020-06-21 00:55:44.146634,https://www.bbc.com/news,bbcnews,
How much of your body is actually you?,,,2020-06-21 00:55:44.146634,https://www.bbc.com/news,bbcnews,
The greatest whodunit of our time,,,2020-06-21 00:55:44.146634,https://www.bbc.com/news,bbcnews,
The luxury of having outdoor space,,,2020-06-21 00:55:44.146634,https://www.bbc.com/news,bbcnews,
Club record for Jimenez as Wolves win,,,2020-06-21 00:55:44.146634,https://www.bbc.com/news,bbcnews,
Lewandowski and Haaland both net doubles,,,2020-06-21 00:55:44.146634,https://www.bbc.com/news,bbcnews,
"Sunday's gossip - Juventus, Real Madrid and Man Utd want Wolves' Jimenez",,,2020-06-21 00:55:44.146634,https://www.bbc.com/news,bbcnews,
Anti-racism movement is unprecedented - Wright,,,2020-06-21 00:55:44.146634,https://www.bbc.com/news,bbcnews,
Arsenal players need to learn humility - Maupay,,,2020-06-21 00:55:44.146634,https://www.bbc.com/news,bbcnews,
Stay or go? Froome arrives at a fork in the road,,,2020-06-21 00:55:44.146634,https://www.bbc.com/news,bbcnews,
Trump Personally Fires U.S. Attorney Who Investigated His Associates,The presidents move deepened a crisis over the independence of law enforcement and the presidents purge of officials he views as disloyal.,,2020-06-21 00:55:45.139979,https://api.nytimes.com/svc/topstories/v2/home.json?api-key=eBq6OD6zH4nB44UytxFeMNsJtL8A4pdv,nytimes,2020-06-20T15:24:32-04:00
"Who Can Fire a Court-Appointed U.S. Attorney? An Abrupt Legal Fight, Explained","The top federal prosecutor in Manhattan had refused to let the attorney general fire him, but acquiesced after William P. Barr invoked the president.",,2020-06-21 00:55:45.139979,https://api.nytimes.com/svc/topstories/v2/home.json?api-key=eBq6OD6zH4nB44UytxFeMNsJtL8A4pdv,nytimes,2020-06-20T13:37:39-04:00
Judge Rejects Trump Request for Order Blocking Boltons Memoir,"But the judge also sharply criticized the former national security adviser, suggesting his $2 million book advance may be in jeopardy.",,2020-06-21 00:55:45.139979,https://api.nytimes.com/svc/topstories/v2/home.json?api-key=eBq6OD6zH4nB44UytxFeMNsJtL8A4pdv,nytimes,2020-06-20T11:03:31-04:00
Live Updates on Trump Rally: 6 Campaign Workers Test Positive for Virus,The president heads to Tulsa a day after the Juneteenth holiday and during a period of nationwide protests over racism and police violence.,,2020-06-21 00:55:45.139979,https://api.nytimes.com/svc/topstories/v2/home.json?api-key=eBq6OD6zH4nB44UytxFeMNsJtL8A4pdv,nytimes,2020-06-20T09:09:35-04:00
Trump Rally Has Tulsa on Edge as Thousands Pack Together for President,"Mr. Trump ignored pleas from local officials, shrugged off health warnings and dismissed the grim symbolism of restarting his rowdy rallies in a city where a white mob once massacred black people.",,2020-06-21 00:55:45.139979,https://api.nytimes.com/svc/topstories/v2/home.json?api-key=eBq6OD6zH4nB44UytxFeMNsJtL8A4pdv,nytimes,2020-06-20T16:47:28-04:00
"Waiting for Trump: Hats, Flags, Little Fear of the Virus",The line of supporters waiting for President Trumps first rally since the coronavirus struck offered a vivid illustration of his power over the Republican base even when he is politically vulnerable.,,2020-06-21 00:55:45.139979,https://api.nytimes.com/svc/topstories/v2/home.json?api-key=eBq6OD6zH4nB44UytxFeMNsJtL8A4pdv,nytimes,2020-06-20T11:07:33-04:00
Coronavirus Live Updates: Florida Again Sets a Record as U.S. Cases Surge Toward Mays High,"Southern officials warn of new clusters linked to bars and frat parties. Health officials fear tonights Trump campaign rally in Tulsa, Okla., could be a superspreader event. Turkey, Saudi Arabia and Australia see the virus rebounding.",,2020-06-21 00:55:45.139979,https://api.nytimes.com/svc/topstories/v2/home.json?api-key=eBq6OD6zH4nB44UytxFeMNsJtL8A4pdv,nytimes,2020-06-20T07:58:19-04:00
Latin Americas Virus Villains: Corrupt Officials Collude With Price Gougers for Body Bags and Flimsy Masks,"The coronavirus has devastated Latin America. And it has only been worsened by a wave of graft and profiteering, prosecutors say.",,2020-06-21 00:55:45.139979,https://api.nytimes.com/svc/topstories/v2/home.json?api-key=eBq6OD6zH4nB44UytxFeMNsJtL8A4pdv,nytimes,2020-06-20T05:00:26-04:00
The Walls of the Church Couldnt Keep the Trump Era Out,"The young pastor wasnt sure his congregation would like what he had to say and had no idea where it would lead all of them. He found himself at a crossroads of God, Alabama and Donald Trump.",,2020-06-21 00:55:45.139979,https://api.nytimes.com/svc/topstories/v2/home.json?api-key=eBq6OD6zH4nB44UytxFeMNsJtL8A4pdv,nytimes,2020-06-20T05:00:24-04:00
Trumps What Do You Have to Lose? Presidency Is Rallying Again,"As an encapsulation of the presidents worldview, some former associates say, there is perhaps no beating the text of a campaign waiver: guests voluntarily assume all risks.",,2020-06-21 00:55:45.139979,https://api.nytimes.com/svc/topstories/v2/home.json?api-key=eBq6OD6zH4nB44UytxFeMNsJtL8A4pdv,nytimes,2020-06-20T03:00:10-04:00
Joni Ernst and Donald Trump Could Both Be in Trouble in Iowa,"Iowa seemed out of reach for Democrats not too long ago. Now, the presidential race appears to be tightening, and Senator Ernst, a Republican, is facing a strong challenge from a political newcomer.",,2020-06-21 00:55:45.139979,https://api.nytimes.com/svc/topstories/v2/home.json?api-key=eBq6OD6zH4nB44UytxFeMNsJtL8A4pdv,nytimes,2020-06-20T05:00:24-04:00
"After George Floyd, Fresh Scrutiny of Old Cases","In the wake of outrage over Mr. Floyds death, several deadly episodes involving the police are receiving renewed attention.",,2020-06-21 00:55:45.139979,https://api.nytimes.com/svc/topstories/v2/home.json?api-key=eBq6OD6zH4nB44UytxFeMNsJtL8A4pdv,nytimes,2020-06-20T12:47:40-04:00
"In Kentucky, Racial Justice Movement Transforms Quest to Oust McConnell","Amy McGrath was considered a safe bet in the Democratic primary. But the recent movement for racial justice has elevated the candidacy of her African-American rival, Charles Booker, in the race to defeat Mitch McConnell.",,2020-06-21 00:55:45.139979,https://api.nytimes.com/svc/topstories/v2/home.json?api-key=eBq6OD6zH4nB44UytxFeMNsJtL8A4pdv,nytimes,2020-06-20T05:00:26-04:00
11 of Our Best Weekend Reads,Jon Stewart. Parenting black teenagers through protest and pandemic. The return of the platypuses. And more.,,2020-06-21 00:55:45.139979,https://api.nytimes.com/svc/topstories/v2/home.json?api-key=eBq6OD6zH4nB44UytxFeMNsJtL8A4pdv,nytimes,2020-06-19T09:56:43-04:00
"News Quiz: Supreme Court, Coronavirus, North Korea",Did you follow the headlines this week?,,2020-06-21 00:55:45.139979,https://api.nytimes.com/svc/topstories/v2/home.json?api-key=eBq6OD6zH4nB44UytxFeMNsJtL8A4pdv,nytimes,2020-06-19T03:30:01-04:00
The History and Meaning of Juneteenth,"When I think about Juneteenth as Emancipation Day, and I think about this moment, I feel like we still need to be emancipated.",,2020-06-21 00:55:45.139979,https://api.nytimes.com/svc/topstories/v2/home.json?api-key=eBq6OD6zH4nB44UytxFeMNsJtL8A4pdv,nytimes,2020-06-19T05:57:44-04:00
Which Opinions Are Out of Bounds?,"A debate about  choosing ideas that are worth publishing, and the reckoning in the media.",,2020-06-21 00:55:45.139979,https://api.nytimes.com/svc/topstories/v2/home.json?api-key=eBq6OD6zH4nB44UytxFeMNsJtL8A4pdv,nytimes,2020-06-18T05:00:11-04:00
Andr Leon Talley on The Chiffon Trenches,"Talley talks about his new memoir; Claudia Rankine and Jericho Brown read new poems; and Megha Majumdar discusses her debut novel, A Burning.",,2020-06-21 00:55:45.139979,https://api.nytimes.com/svc/topstories/v2/home.json?api-key=eBq6OD6zH4nB44UytxFeMNsJtL8A4pdv,nytimes,2020-06-18T14:04:25-04:00
"Could the Police Kill Me, Too? My Young Son Asked Me",I knew I had to be honest.,,2020-06-21 00:55:45.139979,https://api.nytimes.com/svc/topstories/v2/home.json?api-key=eBq6OD6zH4nB44UytxFeMNsJtL8A4pdv,nytimes,2020-06-20T11:00:11-04:00
Notes From One Year on Testosterone,"I wanted the vigor, power, and virility. But what would taking it make me?",,2020-06-21 00:55:45.139979,https://api.nytimes.com/svc/topstories/v2/home.json?api-key=eBq6OD6zH4nB44UytxFeMNsJtL8A4pdv,nytimes,2020-06-18T05:00:02-04:00
Undercounting Those Killed by the N.Y.P.D.,A never-released report shows that the number of people killed by police activity in New York is more than twice what has been reported.,,2020-06-21 00:55:45.139979,https://api.nytimes.com/svc/topstories/v2/home.json?api-key=eBq6OD6zH4nB44UytxFeMNsJtL8A4pdv,nytimes,2020-06-19T15:21:05-04:00
How We Save Ourselves,I want this time to be different and there are moments when I think it might be.,,2020-06-21 00:55:45.139979,https://api.nytimes.com/svc/topstories/v2/home.json?api-key=eBq6OD6zH4nB44UytxFeMNsJtL8A4pdv,nytimes,2020-06-20T11:09:54-04:00
A Soft-Handed Predator Masquerading in Manliness,How we treat animals tells us something about how we treat one another.,,2020-06-21 00:55:45.139979,https://api.nytimes.com/svc/topstories/v2/home.json?api-key=eBq6OD6zH4nB44UytxFeMNsJtL8A4pdv,nytimes,2020-06-19T07:41:40-04:00
My 11-Year-Old Came Up With a Better Government,My children used to like reading about dystopias. But now were living in one.,,2020-06-21 00:55:45.139979,https://api.nytimes.com/svc/topstories/v2/home.json?api-key=eBq6OD6zH4nB44UytxFeMNsJtL8A4pdv,nytimes,2020-06-19T20:11:32-04:00
The Doom Where It Happened,Was John Bolton gullible or cynical? Yes.,,2020-06-21 00:55:45.139979,https://api.nytimes.com/svc/topstories/v2/home.json?api-key=eBq6OD6zH4nB44UytxFeMNsJtL8A4pdv,nytimes,2020-06-19T19:56:49-04:00
Mike Pompeo Dishonors the State Department,John Boltons book wont move the needle on Trumps future.,,2020-06-21 00:55:45.139979,https://api.nytimes.com/svc/topstories/v2/home.json?api-key=eBq6OD6zH4nB44UytxFeMNsJtL8A4pdv,nytimes,2020-06-19T19:54:52-04:00
"The Burning of Black Wall Street, Revisited","Nearly a century after the Tulsa Race Massacre, the search for the dead continues.",,2020-06-21 00:55:45.139979,https://api.nytimes.com/svc/topstories/v2/home.json?api-key=eBq6OD6zH4nB44UytxFeMNsJtL8A4pdv,nytimes,2020-06-19T07:34:05-04:00
Why Is the G.O.P. Fighting to Preserve Monuments to Traitors in the Capitol?,Portraits and statues venerating Confederate leaders are an insult to freedom and democracy.,,2020-06-21 00:55:45.139979,https://api.nytimes.com/svc/topstories/v2/home.json?api-key=eBq6OD6zH4nB44UytxFeMNsJtL8A4pdv,nytimes,2020-06-19T15:41:50-04:00
Roberts to Trump: Dont Take the Supreme Court for Granted,A week of decisions contained hidden and not-so-hidden messages from the court.,,2020-06-21 00:55:45.139979,https://api.nytimes.com/svc/topstories/v2/home.json?api-key=eBq6OD6zH4nB44UytxFeMNsJtL8A4pdv,nytimes,2020-06-19T11:00:10-04:00
A Letter From Father to Child,"Kevin Powell writes to his future child about how to survive in a world filled with fear, violence, sexism and racism.",,2020-06-21 00:55:45.139979,https://api.nytimes.com/svc/topstories/v2/home.json?api-key=eBq6OD6zH4nB44UytxFeMNsJtL8A4pdv,nytimes,2020-06-18T11:55:36-04:00
The Nutcracker Hustle: Why Selling Bootleg Cocktails Just Got Harder,The pandemic has inspired restaurants and bars to mimic the drink. But they have legal protection to do so.,,2020-06-21 00:55:45.139979,https://api.nytimes.com/svc/topstories/v2/home.json?api-key=eBq6OD6zH4nB44UytxFeMNsJtL8A4pdv,nytimes,2020-06-20T05:00:18-04:00
Lessons on Coronavirus Testing From the Adult Film Industry,"An industry that survived one health crisis could be a model for others looking to build confidence, experts say.",,2020-06-21 00:55:45.139979,https://api.nytimes.com/svc/topstories/v2/home.json?api-key=eBq6OD6zH4nB44UytxFeMNsJtL8A4pdv,nytimes,2020-06-18T05:00:15-04:00
Law to Tighten Beijings Grip on Hong Kong With Chinese Security Force,Pro-democracy politicians said the new details of the proposed national security law showed that it would punch a hole in the citys independent judicial system.,,2020-06-21 00:55:45.139979,https://api.nytimes.com/svc/topstories/v2/home.json?api-key=eBq6OD6zH4nB44UytxFeMNsJtL8A4pdv,nytimes,2020-06-20T02:27:36-04:00
PG&Es Plan to Resolve Bankruptcy Wins Court Approval,A federal judge decided Saturday that the California utility can put itself back together in time to take part in a crucial wildfire liability fund.,,2020-06-21 00:55:45.139979,https://api.nytimes.com/svc/topstories/v2/home.json?api-key=eBq6OD6zH4nB44UytxFeMNsJtL8A4pdv,nytimes,2020-06-19T12:00:10-04:00
Monuments Removed at Stadiums in Washington and Minneapolis,"A memorial at R.F.K. Stadium and a statue outside Target Field honored former team owners. We cannot remain silent, the Twins said.",,2020-06-21 00:55:45.139979,https://api.nytimes.com/svc/topstories/v2/home.json?api-key=eBq6OD6zH4nB44UytxFeMNsJtL8A4pdv,nytimes,2020-06-19T13:35:25-04:00
"Carlos Ruiz Zafn, Author of The Shadow of the Wind, Dies at 55","A story within a story that begins in a mysterious place known as the Cemetery of Forgotten Books, it is one of the most successful Spanish novels ever published.",,2020-06-21 00:55:45.139979,https://api.nytimes.com/svc/topstories/v2/home.json?api-key=eBq6OD6zH4nB44UytxFeMNsJtL8A4pdv,nytimes,2020-06-20T15:49:10-04:00
A Long Revered Relic Is Found to Be Europes Oldest Surviving Wooden Statue,"The Holy Face of Lucca, an 8-foot-tall crucifix with a central role in Christian iconography, has survived more than 1,000 years.",,2020-06-21 00:55:45.139979,https://api.nytimes.com/svc/topstories/v2/home.json?api-key=eBq6OD6zH4nB44UytxFeMNsJtL8A4pdv,nytimes,2020-06-19T12:33:46-04:00
Tiz the Law Wins an Unusual Belmont Stakes,Tiz the Law is a New York-bred colt owned by Sackatoga Stable and trained by the 82-year-old Barclay Tagg.,,2020-06-21 00:55:45.139979,https://api.nytimes.com/svc/topstories/v2/home.json?api-key=eBq6OD6zH4nB44UytxFeMNsJtL8A4pdv,nytimes,2020-06-20T15:37:11-04:00
Pandemic Gives S.O.S. a New Meaning for U.K. Cheesemakers: Save Our Stilton,"With pubs and restaurants closed, the six producers that make the famous blue cheese are fighting for survival.",,2020-06-21 00:55:45.139979,https://api.nytimes.com/svc/topstories/v2/home.json?api-key=eBq6OD6zH4nB44UytxFeMNsJtL8A4pdv,nytimes,2020-06-19T11:26:10-04:00
Can a Billionaires Son Spend His Way to a House Seat in New York?,Nita Loweys decision to step down after three decades has created a seven-way free-for-all in Tuesdays Democratic primary.,,2020-06-21 00:55:45.139979,https://api.nytimes.com/svc/topstories/v2/home.json?api-key=eBq6OD6zH4nB44UytxFeMNsJtL8A4pdv,nytimes,2020-06-19T05:00:32-04:00
They Want to Sell Balloon Rides 19 Miles Up. Havent We Heard This Before?,"Seven years ago, entrepreneurs planned trips to the stratosphere, but tourists never got off the ground. Theyre trying again.",,2020-06-21 00:55:45.139979,https://api.nytimes.com/svc/topstories/v2/home.json?api-key=eBq6OD6zH4nB44UytxFeMNsJtL8A4pdv,nytimes,2020-06-18T11:29:58-04:00
"In a Crisis, We Can Learn From Trauma Therapy",Emotional resilience can be deliberately cultivated. But it takes work.,,2020-06-21 00:55:45.139979,https://api.nytimes.com/svc/topstories/v2/home.json?api-key=eBq6OD6zH4nB44UytxFeMNsJtL8A4pdv,nytimes,2020-06-15T05:00:12-04:00
How to Find a Meditation App for You,"If you want to steal a few minutes of Zen and achieve something like contentment in the face of chaos and uncertainty, you might be tempted to download a meditation app.",,2020-06-21 00:55:45.139979,https://api.nytimes.com/svc/topstories/v2/home.json?api-key=eBq6OD6zH4nB44UytxFeMNsJtL8A4pdv,nytimes,2020-06-16T09:33:18-04:00
Get Creative to Celebrate Dad,"During the coronavirus outbreak, the best Fathers Day gifts should be personal and priceless, in every sense of the word.",,2020-06-21 00:55:45.139979,https://api.nytimes.com/svc/topstories/v2/home.json?api-key=eBq6OD6zH4nB44UytxFeMNsJtL8A4pdv,nytimes,2020-06-13T10:00:10-04:00
What It Takes to Reopen a Small Business Right Now,"Masks are just the start. Entrepreneurs around the U.S. are figuring out what to do as they go, and hoping that they can make it work.",,2020-06-21 00:55:45.139979,https://api.nytimes.com/svc/topstories/v2/home.json?api-key=eBq6OD6zH4nB44UytxFeMNsJtL8A4pdv,nytimes,2020-06-18T05:00:31-04:00
How to Deal With Public Bathrooms During Coronavirus,"When theyve gotta go, theyve gotta go. Heres how parents can minimize the risk.",,2020-06-21 00:55:45.139979,https://api.nytimes.com/svc/topstories/v2/home.json?api-key=eBq6OD6zH4nB44UytxFeMNsJtL8A4pdv,nytimes,2020-06-17T12:47:29-04:00
A Long Night of Flower Flashing With Lewis Miller,The New York florist beloved for his botanical street installations is reanimating the slowly reopening city.,,2020-06-21 00:55:45.139979,https://api.nytimes.com/svc/topstories/v2/home.json?api-key=eBq6OD6zH4nB44UytxFeMNsJtL8A4pdv,nytimes,2020-06-20T05:00:16-04:00
"For Belmont Jockeys, the Return of a Gig","But without a top-three finish, not necessarily a meaningful paycheck.",,2020-06-21 00:55:45.139979,https://api.nytimes.com/svc/topstories/v2/home.json?api-key=eBq6OD6zH4nB44UytxFeMNsJtL8A4pdv,nytimes,2020-06-18T14:10:36-04:00
Museums Embrace Art Therapy Techniques for Unsettled Times,Several institutions are preparing to reopen with an awareness of a new mission as people struggle with loss and unrest.,,2020-06-21 00:55:45.139979,https://api.nytimes.com/svc/topstories/v2/home.json?api-key=eBq6OD6zH4nB44UytxFeMNsJtL8A4pdv,nytimes,2020-06-15T13:10:29-04:00
What It Takes to Raise a Black Woman Up,"The artist Ayana Evans has been making grueling, yet nuanced performances using her own body to help audiences understand what black women often face.",,2020-06-21 00:55:45.139979,https://api.nytimes.com/svc/topstories/v2/home.json?api-key=eBq6OD6zH4nB44UytxFeMNsJtL8A4pdv,nytimes,2020-06-19T10:00:12-04:00
"One Monthly Fee, a Catalog of Porsches","A subscription service for fast cars aims to tap a new market. S.U.V.s dominate during the week, and convertibles or sports cars become more popular on weekends.",,2020-06-21 00:55:45.139979,https://api.nytimes.com/svc/topstories/v2/home.json?api-key=eBq6OD6zH4nB44UytxFeMNsJtL8A4pdv,nytimes,2020-06-18T06:00:10-04:00
Wildlife Trade Spreads Coronaviruses as Animals Get to Market,DNA tests show an increase in the number of animals with positive tests for some coronaviruses from the time they are trapped until they arrive on someones dinner plate.,,2020-06-21 00:55:45.139979,https://api.nytimes.com/svc/topstories/v2/home.json?api-key=eBq6OD6zH4nB44UytxFeMNsJtL8A4pdv,nytimes,2020-06-19T09:23:32-04:00
Older Adults May Be Left Out of Some Covid-19 Trials,"The coronavirus disproportionately affects seniors, but they may not be included in important clinical trials for vaccines and treatments.",,2020-06-21 00:55:45.139979,https://api.nytimes.com/svc/topstories/v2/home.json?api-key=eBq6OD6zH4nB44UytxFeMNsJtL8A4pdv,nytimes,2020-06-19T10:00:11-04:00
"She Struggled With Asthma, but It Had Never Been This Bad","She had trouble breathing, and the E.R. doctors discovered a mass in her lung. Was this cancer  or something a little more unusual?",,2020-06-21 00:55:45.139979,https://api.nytimes.com/svc/topstories/v2/home.json?api-key=eBq6OD6zH4nB44UytxFeMNsJtL8A4pdv,nytimes,2020-06-17T05:00:09-04:00
Summer Solstice 2020 and the Search for Life in the Galaxy,"As you mark the longest day of the year, consider the debate among astronomers over whether Earths tilt toward the sun helps make life on our world and others possible.",,2020-06-21 00:55:45.139979,https://api.nytimes.com/svc/topstories/v2/home.json?api-key=eBq6OD6zH4nB44UytxFeMNsJtL8A4pdv,nytimes,2020-06-20T00:12:09-04:00
Clash Over U.S. Attorney Who Investigated Trump Associates Sets Off Crisis,"Attorney General William Barr tried to fire the U.S. attorney in Manhattan, Geoffrey Berman, but he is refusing to leave.",,2020-06-21 00:55:45.139979,https://api.nytimes.com/svc/topstories/v2/home.json?api-key=eBq6OD6zH4nB44UytxFeMNsJtL8A4pdv,nytimes,2020-06-19T21:58:38-04:00
